link, price
https://streetlab.nu/product/carhartt-wip-industry-beanie-lumo-tellow/, 399 kr
https://streetlab.nu/product/eva-skateboards-eva-og-beanie-grey/, 349 kr
https://streetlab.nu/product/eva-skateboards-eva-beanie-red-pink/, 349 kr
https://streetlab.nu/product/carhartt-wip-industry-beanie-lumo-tellow/, 399 kr
https://streetlab.nu/product/eva-skateboards-eva-og-beanie-grey/, 349 kr
https://streetlab.nu/product/eva-skateboards-eva-beanie-red-pink/, 349 kr
https://streetlab.nu/product/carhartt-wip-industry-beanie-lumo-tellow/, 399 kr
https://streetlab.nu/product/eva-skateboards-eva-og-beanie-grey/, 349 kr
https://streetlab.nu/product/eva-skateboards-eva-beanie-red-pink/, 349 kr
